{
  "token_acc": 0.9989751998,
  "token_p": 0.9844389844,
  "token_r": 0.9896058454,
  "token_f": 0.9870156531,
  "pos_acc": 0.9620735855,
  "morph_acc": 0.952582208,
  "morph_micro_p": 0.978246133,
  "morph_micro_r": 0.967101255,
  "morph_micro_f": 0.9726417696,
  "morph_per_feat": {
    "Definite": {
      "p": 0.9846378932,
      "r": 0.9824817518,
      "f": 0.9835586408
    },
    "Number": {
      "p": 0.9907063197,
      "r": 0.9812223859,
      "f": 0.9859415464
    },
    "PronType": {
      "p": 0.995483871,
      "r": 0.9872040947,
      "f": 0.9913266945
    },
    "Gender": {
      "p": 0.9706563707,
      "r": 0.9637107079,
      "f": 0.9671710695
    },
    "Mood": {
      "p": 0.9539594843,
      "r": 0.920071048,
      "f": 0.9367088608
    },
    "Person": {
      "p": 0.9779507134,
      "r": 0.948427673,
      "f": 0.962962963
    },
    "Tense": {
      "p": 0.9447916667,
      "r": 0.9264555669,
      "f": 0.9355337803
    },
    "VerbForm": {
      "p": 0.9586846543,
      "r": 0.9412251656,
      "f": 0.9498746867
    },
    "NumType": {
      "p": 0.9929328622,
      "r": 0.9590443686,
      "f": 0.9756944444
    },
    "Reflex": {
      "p": 1.0,
      "r": 1.0,
      "f": 1.0
    },
    "Voice": {
      "p": 0.8793103448,
      "r": 0.9107142857,
      "f": 0.8947368421
    },
    "Poss": {
      "p": 1.0,
      "r": 1.0,
      "f": 1.0
    },
    "Polarity": {
      "p": 0.9882352941,
      "r": 0.9882352941,
      "f": 0.9882352941
    }
  },
  "sents_p": 0.8677884615,
  "sents_r": 0.8791762895,
  "sents_f": 0.8719806763,
  "dep_uas": 0.8742764529,
  "dep_las": 0.8295618959,
  "dep_las_per_type": {
    "det": {
      "p": 0.9675587997,
      "r": 0.9628732849,
      "f": 0.965210356
    },
    "nsubj": {
      "p": 0.8341463415,
      "r": 0.8240963855,
      "f": 0.8290909091
    },
    "aux:tense": {
      "p": 0.8976377953,
      "r": 0.912,
      "f": 0.9047619048
    },
    "root": {
      "p": 0.8474576271,
      "r": 0.8495145631,
      "f": 0.8484848485
    },
    "obj": {
      "p": 0.8058823529,
      "r": 0.8130563798,
      "f": 0.8094534712
    },
    "cc": {
      "p": 0.8630136986,
      "r": 0.8709677419,
      "f": 0.8669724771
    },
    "case": {
      "p": 0.9569603228,
      "r": 0.969346049,
      "f": 0.9631133672
    },
    "obl:mod": {
      "p": 0.6314102564,
      "r": 0.5880597015,
      "f": 0.6089644513
    },
    "nmod": {
      "p": 0.7830985915,
      "r": 0.8331668332,
      "f": 0.807357212
    },
    "conj": {
      "p": 0.4836065574,
      "r": 0.4645669291,
      "f": 0.4738955823
    },
    "nummod": {
      "p": 0.917721519,
      "r": 0.8579881657,
      "f": 0.8868501529
    },
    "amod": {
      "p": 0.8621323529,
      "r": 0.85428051,
      "f": 0.8581884721
    },
    "acl": {
      "p": 0.6503067485,
      "r": 0.612716763,
      "f": 0.630952381
    },
    "mark": {
      "p": 0.8812785388,
      "r": 0.8502202643,
      "f": 0.865470852
    },
    "xcomp": {
      "p": 0.7388535032,
      "r": 0.7682119205,
      "f": 0.7532467532
    },
    "flat:name": {
      "p": 0.8878504673,
      "r": 0.9047619048,
      "f": 0.8962264151
    },
    "cop": {
      "p": 0.8505747126,
      "r": 0.8222222222,
      "f": 0.8361581921
    },
    "advmod": {
      "p": 0.8161290323,
      "r": 0.7931034483,
      "f": 0.8044515103
    },
    "obl:arg": {
      "p": 0.6601941748,
      "r": 0.6181818182,
      "f": 0.6384976526
    },
    "appos": {
      "p": 0.4444444444,
      "r": 0.4337349398,
      "f": 0.4390243902
    },
    "nsubj:pass": {
      "p": 0.8292682927,
      "r": 0.8,
      "f": 0.8143712575
    },
    "aux:pass": {
      "p": 0.9035087719,
      "r": 0.9196428571,
      "f": 0.9115044248
    },
    "acl:relcl": {
      "p": 0.6626506024,
      "r": 0.6395348837,
      "f": 0.650887574
    },
    "advcl": {
      "p": 0.5057471264,
      "r": 0.5641025641,
      "f": 0.5333333333
    },
    "fixed": {
      "p": 0.8452380952,
      "r": 0.71,
      "f": 0.7717391304
    },
    "dep": {
      "p": 0.2777777778,
      "r": 0.5172413793,
      "f": 0.3614457831
    },
    "expl:subj": {
      "p": 0.7647058824,
      "r": 0.8125,
      "f": 0.7878787879
    },
    "expl:comp": {
      "p": 0.6666666667,
      "r": 0.8666666667,
      "f": 0.7536231884
    },
    "expl:pass": {
      "p": 0.25,
      "r": 0.1428571429,
      "f": 0.1818181818
    },
    "obl:agent": {
      "p": 0.8139534884,
      "r": 0.8333333333,
      "f": 0.8235294118
    },
    "ccomp": {
      "p": 0.7391304348,
      "r": 0.6666666667,
      "f": 0.7010309278
    },
    "parataxis": {
      "p": 0.5416666667,
      "r": 0.4642857143,
      "f": 0.5
    },
    "iobj": {
      "p": 0.6,
      "r": 0.48,
      "f": 0.5333333333
    },
    "nsubj:caus": {
      "p": 0.0,
      "r": 0.0,
      "f": 0.0
    },
    "aux:caus": {
      "p": 0.0,
      "r": 0.0,
      "f": 0.0
    },
    "obj:agent": {
      "p": 0.0,
      "r": 0.0,
      "f": 0.0
    },
    "goeswith": {
      "p": 0.0,
      "r": 0.0,
      "f": 0.0
    },
    "vocative": {
      "p": 1.0,
      "r": 0.625,
      "f": 0.7692307692
    },
    "dislocated": {
      "p": 0.0,
      "r": 0.0,
      "f": 0.0
    },
    "flat:foreign": {
      "p": 1.0,
      "r": 0.2857142857,
      "f": 0.4444444444
    },
    "orphan": {
      "p": 0.0,
      "r": 0.0,
      "f": 0.0
    },
    "advcl:cleft": {
      "p": 0.0,
      "r": 0.0,
      "f": 0.0
    },
    "csubj": {
      "p": 0.0,
      "r": 0.0,
      "f": 0.0
    }
  },
  "tag_acc": 0.9334226528,
  "lemma_acc": 0.9028976572,
  "ents_p": 0.812993431,
  "ents_r": 0.8100156119,
  "ents_f": 0.8115017896,
  "ents_per_type": {
    "LOC": {
      "p": 0.8247443931,
      "r": 0.8368192086,
      "f": 0.8307379262
    },
    "PER": {
      "p": 0.8687411598,
      "r": 0.8801318335,
      "f": 0.8743994021
    },
    "ORG": {
      "p": 0.7622446956,
      "r": 0.7335877863,
      "f": 0.7476417388
    },
    "MISC": {
      "p": 0.6840694006,
      "r": 0.6323079166,
      "f": 0.6571709978
    }
  },
  "speed": 4128.958361591
}